{
  "audio_file": "/home/spencer/code/open-karaoke-studio/karaoke_library/cef0e5e2-e26f-4ee1-881b-368089a25efe/vocals.mp3",
  "analyzed_duration": 30.0,
  "sample_rate": 22050,
  "onset_methods": {
    "energy_based": {
      "first_onset": 25.611609977324264,
      "threshold_used": 0.09750263740352239,
      "avg_energy": 3.347148231114261e-05
    },
    "spectral": {
      "first_onset": 20.224580498866214,
      "all_onsets": [
        20.224580498866214,
        20.54965986394558,
        23.26639455782313,
        23.91655328798186,
        25.518730158730158,
        25.68126984126984,
        25.820589569160997,
        26.16888888888889,
        26.354648526077096,
        26.493968253968255
      ],
      "total_onsets": 17
    },
    "complex": {
      "first_onset": 20.24780045351474,
      "all_onsets": [
        20.24780045351474,
        20.54965986394558,
        25.518730158730158,
        25.68126984126984,
        25.820589569160997,
        26.122448979591837,
        26.16888888888889,
        26.354648526077096,
        26.493968253968255,
        27.237006802721087
      ],
      "total_onsets": 17
    },
    "vocal_frequency": {
      "first_onset": 25.518730158730158,
      "threshold_used": 1.1330820334260352,
      "avg_vocal_energy": 0.28991246223449707
    }
  },
  "consensus": {
    "recommended_onset": 22.883265306122446,
    "confidence": "low",
    "onset_std_dev": 2.6647047868249114,
    "methods_agreed": 4,
    "individual_onsets": {
      "energy": 25.611609977324264,
      "spectral": 20.224580498866214,
      "complex": 20.24780045351474,
      "vocal_freq": 25.518730158730158
    }
  }
}